"shipping_providers","order_handled","total_sale","average_days"
"dhl","4403","2601748.2200001027","10.4472573839662447"
"bluedart","2392","1379151.6399999594","10.4466173361522199"
"fedex","14346","8352946.290001537","0"
