"seller_id","sellar_name","total_sale","completed_orders","cancelled_orders","total_orders","successful_orders_percentage"
1,"AmazonBasics","1644364.3599999738","1713","42","1755","97.60683760683760683800"
2,"AnkerDirect","1736429.7899999712","1854","67","1921","96.51223321186881832400"
3,"Tech Armor","1683915.1599999724","1751","36","1787","97.98545047565752658100"
4,"iSaddle","1642953.9199999727","1804","48","1852","97.40820734341252699800"
5,"Ailun","1568945.1299999733","1759","50","1809","97.23604201216141514600"
